Composer,Piece,Movement
J.S. Bach,Piano Concerto No. 1 in D minor BWV 1052,1. Allegro
J.S. Bach,Piano Concerto No. 1 in D minor BWV 1052,2. Adagio
J.S. Bach,Piano Concerto No. 1 in D minor BWV 1052,3. Allegro
J.S. Bach,Piano Concerto No. 2 in E major BWV 1053,1. (Allegro)
J.S. Bach,Piano Concerto No. 2 in E major BWV 1053,2. Siciliano
J.S. Bach,Piano Concerto No. 2 in E major BWV 1053,3. Allegro
J.S. Bach,Piano Concerto No. 3 in D major BWV 1054,1. (Allegro)
J.S. Bach,Piano Concerto No. 3 in D major BWV 1054,2. Adagio e piano e forte
J.S. Bach,Piano Concerto No. 3 in D major BWV 1054,3. Allegro
J.S. Bach,Piano Concerto No. 4 in A major BWV 1055,1. (Allegro)
J.S. Bach,Piano Concerto No. 4 in A major BWV 1055,2. Larghetto
J.S. Bach,Piano Concerto No. 4 in A major BWV 1055,3. Allegro ma non tanto
J.S. Bach,Piano Concerto No. 5 in F minor BWV 1056,1. (Allegro)
J.S. Bach,Piano Concerto No. 5 in F minor BWV 1056,2. Largo
J.S. Bach,Piano Concerto No. 5 in F minor BWV 1056,3. Presto
J.S. Bach,Piano Concerto No. 6 in F major BWV 1057,1. (Allegro)
J.S. Bach,Piano Concerto No. 6 in F major BWV 1057,2. Andante
J.S. Bach,Piano Concerto No. 6 in F major BWV 1057,3. Allegro assai
J.S. Bach,Piano Concerto No. 7 in G minor BWV 1058,1. (Allegro)
J.S. Bach,Piano Concerto No. 7 in G minor BWV 1058,2. Andante
J.S. Bach,Piano Concerto No. 7 in G minor BWV 1058,3. Allegro assai
J.S. Bach,Concerto for Two Keyboards in C minor BWV 1060,1. (Allegro)
J.S. Bach,Concerto for Two Keyboards in C minor BWV 1060,2. Adagio
J.S. Bach,Concerto for Two Keyboards in C minor BWV 1060,3. Allegro
J.S. Bach,Concerto for Two Keyboards in C major BWV 1061,1. (Allegro)
J.S. Bach,Concerto for Two Keyboards in C major BWV 1061,2. Adagio ovvero largo
J.S. Bach,Concerto for Two Keyboards in C major BWV 1061,3. Fuga
J.S. Bach,Concerto for Two Keyboards in C minor BWV 1062,1. (Allegro)
J.S. Bach,Concerto for Two Keyboards in C minor BWV 1062,2. Andante e piano
J.S. Bach,Concerto for Two Keyboards in C minor BWV 1062,3. Allegro assai
J.S. Bach,Concerto for Three Keyboards in D minor BWV 1063,1. (Allegro)
J.S. Bach,Concerto for Three Keyboards in D minor BWV 1063,2. Alla Siciliana
J.S. Bach,Concerto for Three Keyboards in D minor BWV 1063,3. Allegro
J.S. Bach,Concerto for Three Keyboards in C major BWV 1064,1. (Allegro)
J.S. Bach,Concerto for Three Keyboards in C major BWV 1064,2. Adagio
J.S. Bach,Concerto for Three Keyboards in C major BWV 1064,3. Allegro
J.S. Bach,Concerto for Four Keyboards in A minor BWV 1065,1. (Allegro)
J.S. Bach,Concerto for Four Keyboards in A minor BWV 1065,2. Largo
J.S. Bach,Concerto for Four Keyboards in A minor BWV 1065,3. Allegro
J.S. Bach,Italian Concerto in F major BWV 971,1. (Allegro)
J.S. Bach,Italian Concerto in F major BWV 971,2. Andante
J.S. Bach,Italian Concerto in F major BWV 971,3. Presto
Haydn,Piano Concerto in C major Hob.XVIII/5,1. Moderato
Haydn,Piano Concerto in C major Hob.XVIII/5,2. Adagio
Haydn,Piano Concerto in C major Hob.XVIII/5,3. Finale: Presto
Haydn,Piano Concerto in G major Hob.XVIII/4,1. Allegro moderato
Haydn,Piano Concerto in G major Hob.XVIII/4,2. Adagio
Haydn,Piano Concerto in G major Hob.XVIII/4,3. Rondo all'Ungherese: Presto
Haydn,Piano Concerto in F major Hob.XVIII/6,1. Allegro
Haydn,Piano Concerto in F major Hob.XVIII/6,2. Largo cantabile
Haydn,Piano Concerto in F major Hob.XVIII/6,3. Tempo di Menuet
Haydn,Piano Concerto in D major Hob.XVIII/11,1. Vivace
Haydn,Piano Concerto in D major Hob.XVIII/11,2. Un poco adagio
Haydn,Piano Concerto in D major Hob.XVIII/11,3. Rondo all'Ungarese: Presto
Mozart,Piano Concerto No. 1 in F major K.37,1. Allegro
Mozart,Piano Concerto No. 1 in F major K.37,2. Andante
Mozart,Piano Concerto No. 1 in F major K.37,3. Allegro
Mozart,Piano Concerto No. 2 in B♭ major K.39,1. Allegro spiritoso
Mozart,Piano Concerto No. 2 in B♭ major K.39,2. Andante
Mozart,Piano Concerto No. 2 in B♭ major K.39,3. Molto allegro
Mozart,Piano Concerto No. 3 in D major K.40,1. Allegro
Mozart,Piano Concerto No. 3 in D major K.40,2. Andante
Mozart,Piano Concerto No. 3 in D major K.40,3. Presto
Mozart,Piano Concerto No. 4 in G major K.41,1. Allegro
Mozart,Piano Concerto No. 4 in G major K.41,2. Andante
Mozart,Piano Concerto No. 4 in G major K.41,3. Molto allegro
Mozart,Piano Concerto No. 5 in D major K.175,1. Allegro
Mozart,Piano Concerto No. 5 in D major K.175,2. Andante ma un poco adagio
Mozart,Piano Concerto No. 5 in D major K.175,3. Allegro
Mozart,Piano Concerto No. 6 in B♭ major K.238,1. Allegro aperto
Mozart,Piano Concerto No. 6 in B♭ major K.238,2. Andante un poco adagio
Mozart,Piano Concerto No. 6 in B♭ major K.238,3. Rondeau: Allegro
Mozart,Concerto for Three Pianos K.242,1. Allegro
Mozart,Concerto for Three Pianos K.242,2. Adagio
Mozart,Concerto for Three Pianos K.242,3. Rondeau: Tempo di Menuetto
Mozart,Piano Concerto No. 8 in C major K.246,1. Allegro aperto
Mozart,Piano Concerto No. 8 in C major K.246,2. Andante
Mozart,Piano Concerto No. 8 in C major K.246,3. Rondeau: Tempo di Menuetto
Mozart,Piano Concerto No. 9 in E♭ major K.271,1. Allegro
Mozart,Piano Concerto No. 9 in E♭ major K.271,2. Andantino
Mozart,Piano Concerto No. 9 in E♭ major K.271,3. Rondeau: Presto
Mozart,Concerto for Two Pianos K.365,1. Allegro
Mozart,Concerto for Two Pianos K.365,2. Andante
Mozart,Concerto for Two Pianos K.365,3. Rondeau: Allegro
Mozart,Piano Concerto No. 11 in F major K.413,1. Allegro
Mozart,Piano Concerto No. 11 in F major K.413,2. Larghetto
Mozart,Piano Concerto No. 11 in F major K.413,3. Tempo di Menuetto
Mozart,Piano Concerto No. 12 in A major K.414,1. Allegro
Mozart,Piano Concerto No. 12 in A major K.414,2. Andante
Mozart,Piano Concerto No. 12 in A major K.414,3. Allegretto
Mozart,Piano Concerto No. 13 in C major K.415,1. Allegro
Mozart,Piano Concerto No. 13 in C major K.415,2. Andante
Mozart,Piano Concerto No. 13 in C major K.415,3. Rondeau: Allegro
Mozart,Piano Concerto No. 14 in E♭ major K.449,1. Allegro vivace
Mozart,Piano Concerto No. 14 in E♭ major K.449,2. Andantino
Mozart,Piano Concerto No. 14 in E♭ major K.449,3. Allegro ma non troppo
Mozart,Piano Concerto No. 15 in B♭ major K.450,1. Allegro
Mozart,Piano Concerto No. 15 in B♭ major K.450,2. Andante
Mozart,Piano Concerto No. 15 in B♭ major K.450,3. Allegro
Mozart,Piano Concerto No. 16 in D major K.451,1. Allegro assai
Mozart,Piano Concerto No. 16 in D major K.451,2. Andante
Mozart,Piano Concerto No. 16 in D major K.451,3. Allegro di molto
Mozart,Piano Concerto No. 17 in G major K.453,1. Allegro
Mozart,Piano Concerto No. 17 in G major K.453,2. Andante
Mozart,Piano Concerto No. 17 in G major K.453,3. Allegretto
Mozart,Piano Concerto No. 18 in B♭ major K.456,1. Allegro vivace
Mozart,Piano Concerto No. 18 in B♭ major K.456,2. Andante un poco sostenuto
Mozart,Piano Concerto No. 18 in B♭ major K.456,3. Allegro vivace
Mozart,Piano Concerto No. 19 in F major K.459,1. Allegro
Mozart,Piano Concerto No. 19 in F major K.459,2. Allegretto
Mozart,Piano Concerto No. 19 in F major K.459,3. Allegro assai
Mozart,Piano Concerto No. 20 in D minor K.466,1. Allegro
Mozart,Piano Concerto No. 20 in D minor K.466,2. Romance
Mozart,Piano Concerto No. 20 in D minor K.466,3. Rondo: Allegro assai
Mozart,Piano Concerto No. 21 in C major K.467,1. Allegro maestoso
Mozart,Piano Concerto No. 21 in C major K.467,2. Andante
Mozart,Piano Concerto No. 21 in C major K.467,3. Allegro vivace assai
Mozart,Piano Concerto No. 22 in E♭ major K.482,1. Allegro
Mozart,Piano Concerto No. 22 in E♭ major K.482,2. Andante
Mozart,Piano Concerto No. 22 in E♭ major K.482,3. Allegro
Mozart,Piano Concerto No. 23 in A major K.488,1. Allegro
Mozart,Piano Concerto No. 23 in A major K.488,2. Adagio
Mozart,Piano Concerto No. 23 in A major K.488,3. Allegro assai
Mozart,Piano Concerto No. 24 in C minor K.491,1. Allegro
Mozart,Piano Concerto No. 24 in C minor K.491,2. Larghetto
Mozart,Piano Concerto No. 24 in C minor K.491,3. Allegretto
Mozart,Piano Concerto No. 25 in C major K.503,1. Allegro maestoso
Mozart,Piano Concerto No. 25 in C major K.503,2. Andante
Mozart,Piano Concerto No. 25 in C major K.503,3. Allegretto
Mozart,Piano Concerto No. 26 in D major K.537,1. Allegro
Mozart,Piano Concerto No. 26 in D major K.537,2. Larghetto
Mozart,Piano Concerto No. 26 in D major K.537,3. Allegretto
Mozart,Piano Concerto No. 27 in B♭ major K.595,1. Allegro
Mozart,Piano Concerto No. 27 in B♭ major K.595,2. Larghetto
Mozart,Piano Concerto No. 27 in B♭ major K.595,3. Allegro
Beethoven,Piano Concerto No. 1 in C major Op. 15,1. Allegro con brio
Beethoven,Piano Concerto No. 1 in C major Op. 15,2. Largo
Beethoven,Piano Concerto No. 1 in C major Op. 15,3. Rondo: Allegro scherzando
Beethoven,Piano Concerto No. 2 in B♭ major Op. 19,1. Allegro con brio
Beethoven,Piano Concerto No. 2 in B♭ major Op. 19,2. Adagio
Beethoven,Piano Concerto No. 2 in B♭ major Op. 19,3. Rondo: Molto allegro
Beethoven,Piano Concerto No. 3 in C minor Op. 37,1. Allegro con brio
Beethoven,Piano Concerto No. 3 in C minor Op. 37,2. Largo
Beethoven,Piano Concerto No. 3 in C minor Op. 37,3. Rondo: Allegro
Beethoven,Piano Concerto No. 4 in G major Op. 58,1. Allegro moderato
Beethoven,Piano Concerto No. 4 in G major Op. 58,2. Andante con moto
Beethoven,Piano Concerto No. 4 in G major Op. 58,3. Rondo: Vivace
Beethoven,Piano Concerto No. 5 in E♭ major Op. 73,1. Allegro
Beethoven,Piano Concerto No. 5 in E♭ major Op. 73,2. Adagio un poco mosso
Beethoven,Piano Concerto No. 5 in E♭ major Op. 73,3. Rondo: Allegro ma non troppo
Beethoven,Piano Concerto in D major Op. 61a,1. Allegro ma non troppo
Beethoven,Piano Concerto in D major Op. 61a,2. Larghetto
Beethoven,Piano Concerto in D major Op. 61a,3. Rondo: Allegro
Chopin,Piano Concerto No. 1 in E minor Op. 11,1. Allegro maestoso
Chopin,Piano Concerto No. 1 in E minor Op. 11,2. Romance: Larghetto
Chopin,Piano Concerto No. 1 in E minor Op. 11,3. Rondo: Vivace
Chopin,Piano Concerto No. 2 in F minor Op. 21,1. Maestoso
Chopin,Piano Concerto No. 2 in F minor Op. 21,2. Larghetto
Chopin,Piano Concerto No. 2 in F minor Op. 21,3. Allegro vivace
Liszt,Piano Concerto No. 1 in E♭ major S.124,1. Allegro maestoso
Liszt,Piano Concerto No. 1 in E♭ major S.124,2. Quasi adagio
Liszt,Piano Concerto No. 1 in E♭ major S.124,3. Allegretto vivace – Allegro animato
Liszt,Piano Concerto No. 1 in E♭ major S.124,4. Allegro marziale animato
Liszt,Piano Concerto No. 2 in A major S.125,1. Adagio sostenuto assai
Liszt,Piano Concerto No. 2 in A major S.125,2. Allegro agitato assai
Liszt,Piano Concerto No. 2 in A major S.125,3. Allegro moderato
Liszt,Piano Concerto No. 2 in A major S.125,4. Allegro deciso
Liszt,Piano Concerto No. 2 in A major S.125,5. Marziale un poco meno allegro
Liszt,Piano Concerto No. 2 in A major S.125,6. Allegro animato
Liszt,Totentanz S.126,-
Liszt,Fantasie über ungarische Volksmelodien S.123,-
Liszt,Malédiction S.121,-
Schumann,Piano Concerto in A minor Op. 54,1. Allegro affettuoso
Schumann,Piano Concerto in A minor Op. 54,2. Intermezzo: Andantino grazioso
Schumann,Piano Concerto in A minor Op. 54,3. Allegro vivace
Schumann,Introduction and Allegro appassionato Op. 92,-
Schumann,Introduction and Concert Allegro Op. 134,-
Grieg,Piano Concerto in A minor Op. 16,1. Allegro molto moderato
Grieg,Piano Concerto in A minor Op. 16,2. Adagio
Grieg,Piano Concerto in A minor Op. 16,3. Allegro moderato molto e marcato
Mendelssohn,Piano Concerto No. 1 in G minor Op. 25,1. Molto allegro con fuoco
Mendelssohn,Piano Concerto No. 1 in G minor Op. 25,2. Andante
Mendelssohn,Piano Concerto No. 1 in G minor Op. 25,3. Presto – Molto allegro e vivace
Mendelssohn,Piano Concerto No. 2 in D minor Op. 40,1. Allegro appassionato
Mendelssohn,Piano Concerto No. 2 in D minor Op. 40,2. Adagio
Mendelssohn,Piano Concerto No. 2 in D minor Op. 40,3. Finale: Presto scherzando
Mendelssohn,Capriccio brillant in B minor Op. 22,-
Mendelssohn,Rondo brillant in E♭ major Op. 29,-
Mendelssohn,Serenade and Allegro giocoso Op. 43,-
Saint-Saëns,Piano Concerto No. 1 in D major Op. 17,1. Andante – Allegro assai
Saint-Saëns,Piano Concerto No. 1 in D major Op. 17,2. Andante sostenuto
Saint-Saëns,Piano Concerto No. 1 in D major Op. 17,3. Allegro con fuoco
Saint-Saëns,Piano Concerto No. 2 in G minor Op. 22,1. Andante sostenuto
Saint-Saëns,Piano Concerto No. 2 in G minor Op. 22,2. Allegro scherzando
Saint-Saëns,Piano Concerto No. 2 in G minor Op. 22,3. Presto
Saint-Saëns,Piano Concerto No. 3 in E♭ major Op. 29,1. Allegro non troppo
Saint-Saëns,Piano Concerto No. 3 in E♭ major Op. 29,2. Andante
Saint-Saëns,Piano Concerto No. 3 in E♭ major Op. 29,3. Molto allegro
Saint-Saëns,Piano Concerto No. 4 in C minor Op. 44,1. Allegro moderato – Andante
Saint-Saëns,Piano Concerto No. 4 in C minor Op. 44,2. Allegro vivace – Andante – Allegro
Saint-Saëns,Piano Concerto No. 5 in F major Op. 103,1. Allegro animato
Saint-Saëns,Piano Concerto No. 5 in F major Op. 103,2. Andante
Saint-Saëns,Piano Concerto No. 5 in F major Op. 103,3. Molto allegro
Tchaikovsky,Piano Concerto No. 1 in B♭ minor Op. 23,1. Allegro non troppo e molto maestoso – Allegro con spirito
Tchaikovsky,Piano Concerto No. 1 in B♭ minor Op. 23,2. Andantino semplice – Prestissimo – Andantino
Tchaikovsky,Piano Concerto No. 1 in B♭ minor Op. 23,3. Allegro con fuoco
Tchaikovsky,Piano Concerto No. 2 in G major Op. 44,1. Allegro brillante e molto vivace
Tchaikovsky,Piano Concerto No. 2 in G major Op. 44,2. Andante non troppo
Tchaikovsky,Piano Concerto No. 2 in G major Op. 44,3. Allegro con fuoco
Tchaikovsky,Piano Concerto No. 3 in E♭ major Op. 75,1. Allegro brillante
Tchaikovsky,Concert Fantasia in G major Op. 56,1. Quasi rondo: Allegro moderato e maestoso
Tchaikovsky,Concert Fantasia in G major Op. 56,2. Contrasts: Andante mosso
Rachmaninoff,Piano Concerto No. 1 in F♯ minor Op. 1,1. Vivace
Rachmaninoff,Piano Concerto No. 1 in F♯ minor Op. 1,2. Andante
Rachmaninoff,Piano Concerto No. 1 in F♯ minor Op. 1,3. Allegro vivace
Rachmaninoff,Piano Concerto No. 2 in C minor Op. 18,1. Moderato
Rachmaninoff,Piano Concerto No. 2 in C minor Op. 18,2. Adagio sostenuto
Rachmaninoff,Piano Concerto No. 2 in C minor Op. 18,3. Allegro scherzando
Rachmaninoff,Piano Concerto No. 3 in D minor Op. 30,1. Allegro ma non tanto
Rachmaninoff,Piano Concerto No. 3 in D minor Op. 30,2. Intermezzo: Adagio
Rachmaninoff,Piano Concerto No. 3 in D minor Op. 30,3. Finale: Alla breve
Rachmaninoff,Piano Concerto No. 4 in G minor Op. 40,1. Allegro vivace
Rachmaninoff,Piano Concerto No. 4 in G minor Op. 40,2. Largo
Rachmaninoff,Piano Concerto No. 4 in G minor Op. 40,3. Allegro vivace
Rachmaninoff,Rhapsody on a Theme of Paganini Op. 43,-
Prokofiev,Piano Concerto No. 1 in D♭ major Op. 10,-
Prokofiev,Piano Concerto No. 2 in G minor Op. 16,1. Andantino
Prokofiev,Piano Concerto No. 2 in G minor Op. 16,2. Scherzo: Vivace
Prokofiev,Piano Concerto No. 2 in G minor Op. 16,3. Intermezzo: Allegro moderato
Prokofiev,Piano Concerto No. 2 in G minor Op. 16,4. Finale: Allegro tempestoso
Prokofiev,Piano Concerto No. 3 in C major Op. 26,1. Andante – Allegro
Prokofiev,Piano Concerto No. 3 in C major Op. 26,2. Theme and Variations: Andantino
Prokofiev,Piano Concerto No. 3 in C major Op. 26,3. Allegro ma non troppo
Prokofiev,Piano Concerto No. 4 in B♭ major Op. 53,1. Vivace
Prokofiev,Piano Concerto No. 4 in B♭ major Op. 53,2. Andante
Prokofiev,Piano Concerto No. 4 in B♭ major Op. 53,3. Moderato
Prokofiev,Piano Concerto No. 4 in B♭ major Op. 53,4. Vivace
Prokofiev,Piano Concerto No. 5 in G major Op. 55,1. Allegro con brio
Prokofiev,Piano Concerto No. 5 in G major Op. 55,2. Moderato ben accentuato
Prokofiev,Piano Concerto No. 5 in G major Op. 55,3. Toccata: Allegro con fuoco
Prokofiev,Piano Concerto No. 5 in G major Op. 55,4. Larghetto
Prokofiev,Piano Concerto No. 5 in G major Op. 55,5. Vivo
Brahms,Piano Concerto No. 1 in D minor Op. 15,1. Maestoso
Brahms,Piano Concerto No. 1 in D minor Op. 15,2. Adagio
Brahms,Piano Concerto No. 1 in D minor Op. 15,3. Rondo: Allegro non troppo
Brahms,Piano Concerto No. 2 in B♭ major Op. 83,1. Allegro non troppo
Brahms,Piano Concerto No. 2 in B♭ major Op. 83,2. Allegro appassionato
Brahms,Piano Concerto No. 2 in B♭ major Op. 83,3. Andante
Brahms,Piano Concerto No. 2 in B♭ major Op. 83,4. Allegretto grazioso
Scriabin,Piano Concerto in F♯ minor Op. 20,1. Allegro
Scriabin,Piano Concerto in F♯ minor Op. 20,2. Andante
Scriabin,Piano Concerto in F♯ minor Op. 20,3. Allegro moderato
Ravel,Piano Concerto in G major,1. Allegramente
Ravel,Piano Concerto in G major,2. Adagio assai
Ravel,Piano Concerto in G major,3. Presto
Ravel,Piano Concerto for the Left Hand in D major,-
Shostakovich,Piano Concerto No. 1 in C minor Op. 35,1. Allegretto – Allegro vivace
Shostakovich,Piano Concerto No. 1 in C minor Op. 35,2. Lento
Shostakovich,Piano Concerto No. 1 in C minor Op. 35,3. Moderato
Shostakovich,Piano Concerto No. 1 in C minor Op. 35,4. Allegro con brio
Shostakovich,Piano Concerto No. 2 in F major Op. 102,1. Allegro
Shostakovich,Piano Concerto No. 2 in F major Op. 102,2. Andante
Shostakovich,Piano Concerto No. 2 in F major Op. 102,3. Allegro
